name,price,stars,site
CNC Shield Expansion Board V3.0 +UNO R3 Board + A4988 Stepper Motor Driver With Heatsink For Arduino Kits K75 3D Printer,"₦ 8,743",5 out of 5,j
Arduino UNO R3,"₦ 8,000",5 out of 5,u
Super Starter Kit For Arduino UNO R3 Upgraded Version,"₦ 28,790",4.1 out of 5,m
ESP8266 ESP-01 ESP01 Serial WiFi Wireless Adapter Module 3.3V 5V Compatible Serial Board For Arduino UNO R3 Microcontroller One,"₦ 6,519",,i
Cnc Shield V3 UNO R3 Expansion Panel GRBL 1.1 Monitor A4988 Cnc Stepper Driver Diy Cnc Parts For Arduino Engraving Machine,"₦ 7,523",,a
3D Printer CNC Shield V3.0 Expansion Board + 4PCS DRV8825 Stepper Motor Driver + UNO R3 Board With USB Cable For Arduino UNO R3,"₦ 9,470",,.
CNC V3 Reprap Shield Engraving Machine A4988 DRV8825 Stepper Motor Driver Expansion Board For Arduino UNO R3 With USB Cable,"₦ 6,623",,c
Arduino Uno R3 + Camera,"₦ 14,000",,o
Super Starter Kit For Arduino UNO R3 Upgraded Version,"₦ 28,557",,m
GRBL CNC Motherboard 3 Axis Driver Plate Cnc Shield V3 Expansion Board Arduino UNO R3 Parts CNC Stepper Driver A4988,"₦ 12,997",,
CNC V3 Reprap Shield Engraving Machine A4988 DRV8825 Stepper Motor Driver Expansion Board For Arduino UNO R3 With USB Cable,"₦ 7,530",,
Cnc Shield V3 UNO R3 Expansion Board GRBL 1.1 Monitor A4988 Cnc Stepper Driver Diy Cnc Parts For Arduino Engraving Machine,"₦ 8,258",,
Super Starter Kit For Arduino UNO R3 Upgraded Version,"₦ 28,557",,
For WeMos D1 Mini CH340 WiFi Development Board ESP8266 ESP-12E Wemos D1 Mini OTA Wireless Module For Arduino UNO R3 IDE One,"₦ 7,856",,
Arduino  Uno Rev3 ATmega328 Microcomputer board A000066,"₦ 34,560",,
For Arduino Uno R3 DIY Kit R3 Board / Breadboard,"₦ 11,741",,
3D Printer CNC Shield V3.0 Expansion Board + 4PCS DRV8825 Stepper Motor Driver + UNO R3 Board With USB Cable For Arduino UNO R3,"₦ 9,470",,
Most Complete Starter Kit For Arduino UNO R3 + Tutorial CD,"₦ 30,000",,
CNC Shield V3 Engraving Machine 3D Printer+ 4pcs A4988/DRV8825/AT2100 Driver Expansion Board For Arduino + UNO R3 With USB Cable,"₦ 17,188",,
For Arduino Uno R3 DIY Kit R3 Board / Breadboard LAFVIN,"₦ 13,031",,
3D Printer CNC Shield V3.0 Expansion Board + 4PCS DRV8825 Stepper Motor Driver + UNO R3 Board With USB Cable For Arduino UNO R3,"₦ 9,470",,
CNC Shield V3 Engraving Machine 3D Printer+ 4pcs A4988/DRV8825/AT2100 Driver Expansion Board For Arduino + UNO R3 With USB Cable,"₦ 11,285",,
Super Starter Kit for Arduino UNO R3 Upgraded Version,"₦ 53,086",,
Super Starter Kit For Arduino UNO R3 Upgraded Version,"₦ 36,498",,
Super Starter Kit for Arduino UNO R3 Upgraded Version,"₦ 32,454",,
"UNO Project Super Starter Kit With Tutorial, UNO R3 Controller Board, Servo, Stepper Motor, Relay Etc. For Arduino Projects 2019","₦ 14,600",,
Super Starter Kit for Arduino UNO R3 Upgraded Version,"₦ 34,560",,
Cnc Shield V3 UNO R3 Expansion Panel GRBL 1.1 Monitor A4988 Cnc Stepper Driver Diy Cnc Parts For Arduino Engraving Machine,"₦ 7,523",,
For Arduino Uno R3 DIY Kit R3 Board / Breadboard LAFVIN,"₦ 18,563",,
4WD  Bluetooth Multi-functional DIY Smart Car For Arduino Robot Education UNO R3 Starter Kit,"₦ 16,126",,
For Arduino Uno R3 DIY Kit R3 Board / Breadboard LAFVIN,"₦ 19,831",,
GRBL CNC Motherboard TTL Control Plate MKS DLC V2.0 Breakout Board Cnc Shield V3 Expansion Board Arduino UNO R3,"₦ 11,466",,
42 Stepper Motor Driver Expansion Board DRV8825 A4988 3D Printer Control Shield Module For Arduino UNO R3 Ramps1.4 DIY Kit One,"₦ 6,630",,
For UNO Project Super Starter Kit with Tutorial and UNO R3 Compatible with for Arduino IDE,"₦ 2,242",,
CNC Shield V3 Engraving Machine 3D Printer+ 4pcs A4988/DRV8825/AT2100 Driver Expansion Board For Arduino + UNO R3 With USB Cable,"₦ 8,604",,
Cnc Shield V3 UNO R3 Expansion Panel GRBL 1.1 Monitor A4988 Cnc Stepper Driver Diy Cnc Parts For Arduino Engraving Machine,"₦ 8,396",,
CNC Shield Expansion Board V3.0 +UNO R3 Board + A4988 Stepper Motor Driver With Heatsink For Arduino Kits K75 3D Printer,"₦ 8,743",,
GRBL CNC Motherboard TTL Control Plate MKS DLC V2.0 Breakout Board Cnc Shield V3 Expansion Board Arduino UNO R3,"₦ 11,466",,
CNC Shield V3 Engraving Machine 3D Printer+ 4pcs A4988/DRV8825/AT2100 Driver Expansion Board For Arduino + UNO R3 With USB Cable,"₦ 11,285",,
ESP8266 ESP-01 ESP01 Serial WiFi Wireless Adapter Module 3.3V 5V Compatible Serial Board For Arduino UNO R3 Microcontroller One,"₦ 6,519",,
